,user_id,critic_name,top_critic,publisher_name
3,3,A.H. Weiler,True,New York Times
5,5,A.O. Scott,True,New York Times
16,16,Aaron Hillis,False,Premiere Magazine
41,41,Abbie Bernstein,False,iF Magazine
68,68,Adam Graham,True,Detroit News
88,88,Adam Nayman,False,eye WEEKLY
98,98,Adam Smith,False,Empire Magazine
127,127,Adrian Hennigan,True,BBC.com
132,132,Adrian Turner,False,Radio Times
182,182,Alan Jones,False,Radio Times
187,187,Alan Morrison,False,Empire Magazine
266,266,Alex Keen,False,Trades
275,275,Alex Markerson,False,E! Online
286,286,Alex Ramirez,False,Cinenganos
289,289,Alex Sandell,False,Juicy Cerebellum
326,326,Ali Barclay,True,BBC.com
327,327,Ali Catterall,False,Film4
331,331,Ali Gray,False,TheShiznit.co.uk
348,348,Alicia Potter,False,Boston Phoenix
353,353,Alison Macor,False,Austin Chronicle
394,394,Allison Benedikt,True,Chicago Tribune
408,408,Almar Haflidason,True,BBC.com
442,442,Amber Wilkinson,False,Eye for Film
464,464,Amy Biancolli,True,Houston Chronicle
517,517,Andrea Chase,False,Killer Movie Reviews
534,534,Andreas Samuelson,False,Slasherpool
541,541,Andrew Collins,False,Empire Magazine
563,563,Andrew Howe,False,Film Written Magazine
564,564,Andrew Howe,False,eFilmCritic.com
570,570,Andrew Kasch,False,Dread Central
579,579,Andrew Manning,False,Radio Free Entertainment
596,596,Andrew Pulver,True,Guardian
639,639,Andy Seiler,True,USA Today
642,642,Andy Webster,True,New York Times
643,643,Andy Weil,False,ComingSoon.net
647,647,Angel Cohn,False,TV Guide
649,649,Angela Baldassarre,False,Sympatico.ca
659,659,Angie Errigo,False,Empire Magazine
675,675,Anita Gates,True,New York Times
676,676,Anita Katz,False,San Francisco Examiner
680,680,Anita Schmaltz,False,"Metro Times (Detroit, MI)"
686,686,Ann Hornaday,False,Baltimore Sun
687,687,Ann Hornaday,True,Washington Post
716,716,Anna Smith,False,Empire Magazine
722,722,Anna Smith,True,BBC.com
725,725,Anna Smith,True,Time Out
734,734,Anne Gilbert,False,Filmcritic.com
745,745,Annette Cardwell,False,Filmcritic.com
746,746,Annette Dasey,False,Teletext
751,751,Annlee Ellingson,False,Boxoffice Magazine
755,755,Anthony Del Valle,False,Las Vegas Mercury
764,764,Anthony Miele,False,Film Threat
774,774,Anthony Quinn,True,Independent (UK)
778,778,Anton Bitel,False,Eye for Film
779,779,Anton Bitel,False,Film4
780,780,Anton Bitel,False,Movie Gazette
784,784,Anton Bitel,False,musicOMH.com
825,825,Arthur Salm,False,San Diego Union-Tribune
850,850,Athan Bezaitis,False,Filmcritic.com
859,859,Audrey Rock-Richardson,False,Tooele Transcript-Bulletin (Utah)
868,868,Austin O'Connor,False,Lowell Sun
882,882,Barbara Goslawski,False,Boxoffice Magazine
886,886,Barbara Shulgasser,False,San Francisco Examiner
890,890,Barbara Vancheri,False,Pittsburgh Post-Gazette
898,898,Barry Paris,False,Pittsburgh Post-Gazette
924,924,Ben Falk,True,BBC.com
933,933,Ben Kenigsberg,True,Time Out
972,972,Ben Walters,True,Time Out
995,995,Beth Accomando,False,KPBS.org
997,997,Beth Jones,False,Roanoke Times (Virginia)
1014,1014,Betsy Bozdech,False,Hollywood.com
1033,1033,Bill Beyrer,False,CinemaBlend
1037,1037,Bill Chambers,False,Film Freak Central
1039,1039,Bill Clark,False,FromTheBalcony
1040,1040,Bill Gibron,False,DVD Verdict
1041,1041,Bill Gibron,False,DVDTalk.com
1044,1044,Bill Gibron,False,Filmcritic.com
1045,1045,Bill Gibron,False,PopMatters
1046,1046,Bill Goodykoontz,True,Arizona Republic
1052,1052,Bill Muller,True,Arizona Republic
1056,1056,Bill Pearis,False,Citysearch
1060,1060,Bill Stamets,True,Chicago Sun-Times
1069,1069,Bill White,False,Seattle Post-Intelligencer
1071,1071,Bill Zwecker,True,Chicago Sun-Times
1090,1090,Blake Davis,False,KFOR Channel 4 News
1091,1091,Blake French,False,Filmcritic.com
1092,1092,Blake French,False,NutzWorld
1104,1104,Bob Bloom,False,"Journal and Courier (Lafayette, IN)"
1105,1105,Bob Bloom,False,rec.arts.movies.reviews
1112,1112,Bob Graham,True,San Francisco Chronicle
1115,1115,Bob Grimm,False,Las Vegas Mercury
1116,1116,Bob Grimm,False,Reno News and Review
1117,1117,Bob Grimm,False,Sacramento News & Review
1122,1122,Bob Longino,True,Atlanta Journal-Constitution
1123,1123,Bob McCabe,False,Empire Magazine
1126,1126,Bob Ross,False,Tampa Tribune
1128,1128,Bob Strauss,False,Los Angeles Daily News
1132,1132,Bob Thompson,False,Jam! Movies
1133,1133,Bob Townsend,True,Atlanta Journal-Constitution
1134,1134,Bob Westal,False,Bullz-Eye.com
1135,1135,Bob Westal,False,Film Threat
1143,1143,Boo Allen,False,Denton Record-Chronicle
1145,1145,Bosley Crowther,True,New York Times
1154,1154,Brad Laidman,False,Film Threat
1157,1157,Brad Wheeler,True,Globe and Mail
1158,1158,Bradley Gibson,False,Film Threat
1159,1159,Bradley Null,False,Filmcritic.com
1168,1168,Brandon Fibbs,False,Christianity Today
1182,1182,Brandon Judell,False,PopcornQ
1203,1203,Brent Simon,False,Entertainment Today
1206,1206,Brent Simon,False,Now Playing Magazine
1219,1219,Brett Michel,False,Boston Phoenix
1238,1238,Brian Gibson,False,"Vue Weekly (Edmonton, Alberta)"
1246,1246,Brian J. Arthurs,False,Beach Reporter (Southern California)
1247,1247,Brian Juergens,False,AfterElton.com
1248,1248,Brian Juergens,False,Bloody Disgusting
1250,1250,Brian Juergens,False,Freeze Dried Movies
1255,1255,Brian Marder,False,Hollywood.com
1256,1256,Brian McTavish,False,Kansas City Star
1257,1257,Brian Mckay,False,eFilmCritic.com
1262,1262,Brian Orndorf,False,BrianOrndorf.com
1263,1263,Brian Orndorf,False,DVDTalk.com
1264,1264,Brian Orndorf,False,FilmJerk.com
1265,1265,Brian Orndorf,False,Modamag.com
1266,1266,Brian Orndorf,False,OhmyNews.com
1268,1268,Brian Orndorf,False,eFilmCritic.com
1291,1291,Brian Webster,False,Apollo Guide
1296,1296,Bridget Byrne,False,Boxoffice Magazine
1321,1321,Bruce Bennett,False,"Spectrum (St. George, Utah)"
1327,1327,Bruce Fretts,True,Entertainment Weekly
1329,1329,Bruce Kirkland,False,Jam! Movies
1332,1332,Bruce Newman,True,San Jose Mercury News
1333,1333,Bruce Westbrook,True,Houston Chronicle
1343,1343,Bryant Frazer,False,Bryant Frazer's Deep Focus
1346,1346,Bryce Wilson,False,CinemaBlend
1360,1360,C.W. Nevius,True,San Francisco Chronicle
1364,1364,Caffeinated Clint,False,Film Threat
1366,1366,Caffeinated Clint,False,Moviehole
1400,1400,Calvin Wilson,True,St. Louis Post-Dispatch
1401,1401,Camerin Courtney,False,Christianity Today
1411,1411,Cameron Meier,False,Orlando Weekly
1427,1427,Carina Chocano,True,Los Angeles Times
1436,1436,Carla Meyer,False,Sacramento Bee
1438,1438,Carla Meyer,True,San Francisco Chronicle
1443,1443,Carlo Cavagna,False,AboutFilm.com
1470,1470,Carol Cling,False,Las Vegas Review-Journal
1481,1481,Caroline Kepnes,False,E! Online
1489,1489,Caroline Westbrook,False,Empire Magazine
1492,1492,Carolyn Arends,False,Christianity Today
1503,1503,Carrie Rickey,True,Philadelphia Inquirer
1512,1512,Caryn James,True,New York Times
1528,1528,Catharine Tunnacliffe,False,eye WEEKLY
1561,1561,Cathy Jakicic,False,Milwaukee Journal Sentinel
1568,1568,Chad Greene,False,Boxoffice Magazine
1616,1616,Charlie McCollum,True,San Jose Mercury News
1633,1633,Charlotte O'Sullivan,True,London Evening Standard
1653,1653,Chauncey Mabe,False,South Florida Sun-Sentinel
1665,1665,Cherryl Dawson and Leigh Ann Palone,False,TheMovieChicks.com
1666,1666,Cheryl DeWolfe,False,Apollo Guide
1685,1685,Chris Barsanti,False,Film Threat
1686,1686,Chris Barsanti,False,Filmcritic.com
1687,1687,Chris Barsanti,False,PopMatters
1688,1688,Chris Barsanti,False,Slant Magazine
1690,1690,Chris Barsanti,False,ToxicUniverse.com
1703,1703,Chris Cabin,False,Filmcritic.com
1707,1707,Chris Carle,False,IGN Movies
1733,1733,Chris Gore,False,Film Threat
1738,1738,Chris Hewitt,False,St. Paul Pioneer Press
1741,1741,Chris Hewitt (UK),False,Empire Magazine
1742,1742,Chris Hicks,False,Deseret News (Salt Lake City)
1751,1751,Chris Kaltenbach,False,Baltimore Sun
1754,1754,Chris Knight,False,National Post
1792,1792,Chris Vognar,True,Dallas Morning News
1798,1798,Chris Wiegand,False,Boxoffice Magazine
1818,1818,Christian Toto,False,Washington Times
1830,1830,Christine Dolen,True,Miami Herald
1832,1832,Christine James,False,Boxoffice Magazine
1839,1839,Christopher Borrelli,False,Toledo Blade
1876,1876,Christopher Null,False,Filmcritic.com
1890,1890,Christopher Smith,False,Bangor Daily News (Maine)
1894,1894,Christopher Tookey,False,Daily Mail (UK)
1903,1903,Christy Lemire,True,Associated Press
1920,1920,Chuck O'Leary,False,Fantastica Daily
1921,1921,Chuck O'Leary,False,FulvueDrive-in.com
1922,1922,Chuck Rudolph,False,Matinee Magazine
1959,1959,Claudia Puig,True,USA Today
1984,1984,Clint O'Connor,False,Cleveland Plain Dealer
1990,1990,Coco Forsythe,False,Future Movies UK
1997,1997,Cole Haddon,False,Orlando Weekly
2001,2001,Cole Smithey,False,ColeSmithey.com
2002,2002,Cole Smithey,False,Daily Radar
2009,2009,Colin Covert,True,Minneapolis Star Tribune
2013,2013,Colin Kennedy,False,Empire Magazine
2019,2019,Collin Souter,False,eFilmCritic.com
2024,2024,Connie Ogle,True,Miami Herald
2035,2035,Cornell & Petricelli,False,CinemaSense.Com
2038,2038,Cory Cheney,False,Urban Tulsa Weekly
2043,2043,Cosmo Landesman,False,Sunday Times (UK)
2101,2101,Cynthia Fuchs,False,Common Sense Media
2104,2104,Cynthia Fuchs,False,PopMatters
2143,2143,Damon Wise,False,Empire Magazine
2156,2156,Dan Callahan,False,Slant Magazine
2161,2161,Dan DeLuca,True,Philadelphia Inquirer
2166,2166,Dan Fazio,False,Citysearch
2168,2168,Dan Fienberg,False,Zap2it.com
2180,2180,Dan Jardine,False,All Movie Guide
2181,2181,Dan Jardine,False,Apollo Guide
2182,2182,Dan Jardine,False,Cinemania
2186,2186,Dan Jolin,False,Empire Magazine
2196,2196,Dan Lybarger,False,Kansas City Star
2197,2197,Dan Lybarger,False,Lawrence Journal-World
2198,2198,Dan Lybarger,False,Lybarger Links
2200,2200,Dan Lybarger,False,Nitrate Online
2202,2202,Dan Lybarger,False,eFilmCritic.com
2221,2221,Dan Webster,False,Spokesman-Review (Washington)
2230,2230,Dana Stevens,True,New York Times
2242,2242,Daniel Eagan,False,Film Journal International
2243,2243,Daniel Etherington,False,Film4
2272,2272,Daniel M. Kimmel,False,Worcester Telegram & Gazette
2307,2307,Danny Graydon,True,BBC.com
2312,2312,Danny Minton,False,Beaumont Journal
2315,2315,Danny Minton,False,"KBTV-NBC (Beaumont, TX)"
2322,2322,Daphne Gordon,True,Toronto Star
2336,2336,Dave Calhoun,True,Time Out
2343,2343,Dave Kehr,True,Chicago Tribune
2344,2344,Dave Kehr,True,New York Daily News
2345,2345,Dave Kehr,True,New York Times
2360,2360,Dave White,False,Movies.com
2376,2376,David Bezanson,False,Filmcritic.com
2391,2391,David Cornelius,False,DVDTalk.com
2394,2394,David Cornelius,False,eFilmCritic.com
2405,2405,David Edwards,False,Daily Mirror (UK)
2418,2418,David Elliott,False,San Diego Union-Tribune
2425,2425,David Fear,True,Time Out
2428,2428,David Foucher,False,EDGE Boston
2429,2429,David Frese,False,Kansas City Star
2433,2433,David Germain,True,Associated Press
2437,2437,David Grove,False,Film Threat
2444,2444,David Hiltbrand,True,Philadelphia Inquirer
2451,2451,David Hughes,False,Empire Magazine
2460,2460,David Jenkins,True,Time Out
2463,2463,David Keyes,False,Cinemaphile.org
2471,2471,David Levine,False,Filmcritic.com
2478,2478,David Mattin,True,BBC.com
2482,2482,David Medsker,False,Bullz-Eye.com
2486,2486,David N. Butterworth,False,La Movie Boeuf
2487,2487,David N. Butterworth,False,rec.arts.movies.reviews
2495,2495,David Nusair,False,Reel Film Reviews
2501,2501,David Parkinson,False,Empire Magazine
2502,2502,David Parkinson,False,Radio Times
2525,2525,David Sterritt,False,Christian Science Monitor
2526,2526,David Stratton,False,At the Movies (Australia)
2532,2532,David Thomas,False,Filmcritic.com
2537,2537,David Wiegand,True,San Francisco Chronicle
2540,2540,David Wood,True,BBC.com
2562,2562,Deborah Hornblow,False,Hartford Courant
2594,2594,Dennis King,False,Tulsa World
2600,2600,Dennis Schwartz,False,Dennis Schwartz Movie Reviews
2602,2602,Derek Adams,True,Time Out
2611,2611,Derek Malcolm,True,London Evening Standard
2613,2613,Derek Smith,False,Apollo Guide
2614,2614,Derek Smith,False,Cinematic Reflections
2617,2617,Derek Tse,False,Jam! Movies
2626,2626,Desmond Ryan,True,Philadelphia Inquirer
2627,2627,Desson Thomson,True,Washington Post
2631,2631,Devin Faraci,False,CHUD
2638,2638,Dezhda Gaubert,False,E! Online
2650,2650,Diana Saenger,False,ReviewExpress.com
2698,2698,Don R. Lewis,False,Film Threat
2703,2703,Don Willmott,False,Filmcritic.com
2712,2712,Donald Munro,False,Fresno Bee
2744,2744,Douglas Pratt,False,DVDLaser
2748,2748,Dragan Antulov,False,Draxblog Movie Reviews
2749,2749,Dragan Antulov,False,Index.hr
2751,2751,Dragan Antulov,False,rec.arts.movies.reviews
2769,2769,Duane Dudek,False,Milwaukee Journal Sentinel
2781,2781,Dustin Putman,False,TheFilmFile.com
2782,2782,Dustin Putman,False,TheFrightFile.com
2784,2784,Dwayne E. Leslie,False,Boxoffice Magazine
2785,2785,Dwight Brown,False,National Newspaper Publishers Association
2791,2791,E! Staff,False,E! Online
2817,2817,Ed Gonzalez,False,Apollo Guide
2819,2819,Ed Gonzalez,False,Slant Magazine
2834,2834,Ed Scheid,False,Boxoffice Magazine
2858,2858,Edward Douglas,False,ComingSoon.net
2863,2863,Edward Douglas,False,ShockTillYouDrop.com
2869,2869,Edward Guthmann,True,San Francisco Chronicle
2870,2870,Edward Havens,False,FilmJerk.com
2871,2871,Edward Johnson-Ott,False,NUVO Newsweekly
2879,2879,Edward Porter,False,Sunday Times (UK)
2880,2880,Edward Porter,True,Times (UK)
2893,2893,Eleanor Ringel Cater,True,Atlanta Journal-Constitution
2902,2902,Elias Savada,False,Film Threat
2903,2903,Elias Savada,False,Nitrate Online
2925,2925,Elizabeth Weitzman,True,New York Daily News
2944,2944,Ellen Fox,True,Chicago Tribune
2949,2949,Ellen Kim,False,Seattle Post-Intelligencer
2964,2964,Elspeth Haughton,False,Apollo Guide
2966,2966,Elvis Mitchell,True,New York Times
2968,2968,Emanuel Levy,False,EmanuelLevy.Com
2970,2970,Emanuel Levy,True,Variety
2975,2975,Emily Blunt,False,Blunt Review
2995,2995,Emma Cochrane,False,Empire Magazine
3028,3028,Enrique Buchichio,False,Uruguay Total
3035,3035,Eric Campos,False,Film Threat
3041,3041,Eric D. Snider,False,EricDSnider.com
3053,3053,Eric Goldman,False,IGN Movies
3055,3055,Eric Harrison,True,Houston Chronicle
3057,3057,Eric Henderson,False,Slant Magazine
3065,3065,Eric Lurio,False,Entertainment Insiders
3066,3066,Eric Lurio,False,Greenwich Village Gazette
3069,3069,Eric Melin,False,Lawrence.com
3070,3070,Eric Melin,False,Scene-Stealers.com
3072,3072,Eric Meyerson,False,Filmcritic.com
3080,3080,Erich Scholz,False,Citysearch
3092,3092,Erik Childress,False,eFilmCritic.com
3094,3094,Erik Davis,False,Cinematical
3096,3096,Erik Lundegaard,True,Seattle Times
3126,3126,Ethan Alter,False,NYC Film Critic
3127,3127,Ethan Alter,False,Premiere Magazine
3128,3128,Ethan Alter,False,TV Guide
3132,3132,Ethan Gilsdorf,True,Boston Globe
3144,3144,Eugene Novikov,False,Film Blather
3156,3156,Evan Henerson,False,Los Angeles Daily News
3187,3187,Felix Vasquez Jr.,False,Cinema Crazed
3188,3188,Felix Vasquez Jr.,False,Film Threat
3195,3195,Fernando F. Croce,False,Slant Magazine
3205,3205,Film4 Staff,False,Film4
3223,3223,Forrest Hartman,False,Reno Gazette-Journal
3227,3227,Fr. Chris Carpenter,False,Movie Dearest
3238,3238,Francesca Dinglasan,False,Boxoffice Magazine
3240,3240,Francesca Rudkin,False,New Zealand Herald
3246,3246,Frank Houston,False,Palm Beach Daily News
3249,3249,Frank Lovece,False,TV Guide
3255,3255,Frank Ochieng,False,Movie Eye
3260,3260,Frank Ochieng,False,TheWorldJournal.com
3265,3265,Frank Swietek,False,One Guy's Opinion
3276,3276,Fred Topel,False,About.com
3287,3287,Frederic and Mary Ann Brussat,False,Spirituality & Practice
3293,3293,G. Allen Johnson,True,San Francisco Chronicle
3295,3295,Gabe Leibowitz,False,Film and Felt
3296,3296,Gabe Leibowitz,False,eCinemaCenter.com
3300,3300,Gabriel Shanks,False,Mixed Reviews
3301,3301,Gabriel Shanks,False,Modern Fabulousity
3332,3332,Garth Franklin,False,Dark Horizons
3335,3335,Gary Brown,False,Houston Community Newspapers
3339,3339,Gary Dowell,True,Dallas Morning News
3343,3343,Gary Goldstein,False,Reel.com
3345,3345,Gary Goldstein,True,Los Angeles Times
3353,3353,Gary Mairs,False,culturevulture.net
3358,3358,Gary Thompson,False,Philadelphia Daily News
3359,3359,Gary Thompson,True,Philadelphia Inquirer
3371,3371,Gemma Files,False,eye WEEKLY
3377,3377,Gene Seymour,True,Newsday
3378,3378,Gene Siskel,True,Chicago Tribune
3388,3388,Geoff Andrew,True,Time Out
3398,3398,Geoff Pevere,True,Toronto Star
3399,3399,Geoffrey Kleinman,False,DVDTalk.com
3413,3413,George Perry,True,BBC.com
3418,3418,George Varga,False,San Diego Union-Tribune
3432,3432,Gerry Shamray,False,Your Movies (cleveland.com)
3436,3436,Gianni Truzzi,False,Seattle Post-Intelligencer
3446,3446,Gina Carbone,False,Seacoast Newspapers (NH/Maine)
3450,3450,Giovanni Fazio,False,Japan Times
3479,3479,Glenn Kenny,False,Premiere Magazine
3484,3484,Glenn Lovell,True,San Jose Mercury News
3487,3487,Glenn Whipp,False,Los Angeles Daily News
3513,3513,Graham Killeen,False,Milwaukee Journal Sentinel
3534,3534,Greg Dean Schmitz,False,Greg's Previews at Yahoo! Movies
3541,3541,Greg Maki,False,"Star-Democrat (Easton, MD)"
3543,3543,Greg Muskewitz,False,eFilmCritic.com
3556,3556,Gregory Kirschling,True,Entertainment Weekly
3565,3565,Gregory Weinkauf,False,New Times
3566,3566,Gregory Weinkauf,False,ÜberCiné
3583,3583,Guy Lodge,True,Time Out
3584,3584,Guy MacPherson,False,Apollo Guide
3586,3586,Guylaine Cadorette,False,Hollywood.com
3597,3597,Hanh Nguyen,False,Zap2it.com
3637,3637,Harry Guerin,False,RTÉ (Ireland)
3643,3643,Harvey S. Karten,False,Compuserve
3670,3670,Helen O'Hara,False,Empire Magazine
3702,3702,Hollis Chacona,False,Austin Chronicle
3705,3705,Holly Grigg-Spall,False,Film4
3718,3718,Howard Thompson,True,New York Times
3745,3745,Ian Freer,False,Empire Magazine
3748,3748,Ian Grey,False,Orlando Weekly
3755,3755,Ian Mantgani,False,UK Critic
3757,3757,Ian Nathan,False,Empire Magazine
3818,3818,J. C. Farrow,False,Citysearch
3828,3828,J. R. Jones,True,Chicago Reader
3830,3830,J. Robert Parks,False,Phantom Tollbooth
3853,3853,Jack Garner,False,Rochester Democrat and Chronicle
3864,3864,Jack Mathews,True,Los Angeles Times
3865,3865,Jack Mathews,True,New York Daily News
3878,3878,Jack Zink,False,South Florida Sun-Sentinel
3880,3880,Jackie K. Cooper,False,jackiekcooper.com
3881,3881,Jackie Loohauis,False,Milwaukee Journal Sentinel
3893,3893,Jaime N. Christley,False,Apollo Guide
3894,3894,Jaime N. Christley,False,Slant Magazine
3899,3899,Jake Coyle,True,Associated Press
3901,3901,Jake Euker,False,"F5 (Wichita, KS)"
3902,3902,Jake Euker,False,Filmcritic.com
3922,3922,James Adams,True,Globe and Mail
3926,3926,James Berardinelli,True,ReelViews
3930,3930,James Brundage,False,Filmcritic.com
3935,3935,James Christopher,True,Times (UK)
3945,3945,James Dyer,False,Empire Magazine
3947,3947,James E. Laczkowski,False,Hollywood Bitchslap
3949,3949,James E. Laczkowski,False,eFilmCritic.com
3959,3959,James Hebert,False,San Diego Union-Tribune
3967,3967,James Kendrick,False,Q Network Film Desk
3983,3983,James Mottram,False,Film4
3998,3998,James O'Ehley,False,Sci-Fi Movie Page
4002,4002,James Plath,False,Movie Metropolis
4004,4004,James Plath,False,Reel.com
4014,4014,James Rocchi,False,Cinematical
4020,4020,James Rocchi,False,Netflix
4029,4029,James Sanford,False,James Sanford on Film
4030,4030,James Sanford,False,Kalamazoo Gazette
4040,4040,James Verniere,False,Boston Herald
4042,4042,James Wegg,False,JWR
4051,4051,Jami Bernard,True,New York Daily News
4059,4059,Jamie Gillies,False,Apollo Guide
4061,4061,Jamie Graham,False,Total Film
4073,4073,Jamie Russell,False,Film4
4077,4077,Jamie Russell,False,Total Film
4078,4078,Jamie Russell,True,BBC.com
4080,4080,Jamie Tipps,False,Film Threat
4088,4088,Jan Stuart,True,Newsday
4096,4096,Jane Crowther,False,Total Film
4098,4098,Jane Crowther,True,BBC.com
4103,4103,Jane Horwitz,True,Washington Post
4108,4108,Jane Stevenson,False,Jam! Movies
4111,4111,Jane Sumner,True,Dallas Morning News
4112,4112,Janet Branagan,False,Apollo Guide
4115,4115,Janet Maslin,True,New York Times
4117,4117,Janice Page,True,Boston Globe
4120,4120,Janos Gereben,False,Entertainment Insiders
4137,4137,Jason Anderson,False,eye WEEKLY
4138,4138,Jason Anderson,True,Globe and Mail
4150,4150,Jason Clark,False,Matinee Magazine
4151,4151,Jason Clark,False,Slant Magazine
4157,4157,Jason Ferguson,False,Orlando Weekly
4163,4163,Jason Gorber,False,Film Scouts
4176,4176,Jason Korsner,True,BBC.com
4182,4182,Jason McKiernan,False,Filmcritic.com
4183,4183,Jason Morgan,False,Filmcritic.com
4198,4198,Jason Zingale,False,Bullz-Eye.com
4203,4203,Jaspreet Pandohar,True,BBC.com
4208,4208,Jay Antani,False,Boxoffice Magazine
4209,4209,Jay Antani,False,Cinema Writer
4210,4210,Jay Antani,False,Filmcritic.com
4213,4213,Jay Antani,False,Los Angeles Alternative
4217,4217,Jay Antani,False,Slant Magazine
4225,4225,Jay Boyar,True,Orlando Sentinel
4226,4226,Jay Carr,True,Boston Globe
4231,4231,Jay Richardson,False,Future Movies UK
4245,4245,Jean-François Vandeuren,False,Panorama
4248,4248,Jeanne Aufmuth,False,Aufmuth.com
4249,4249,Jeanne Aufmuth,False,Palo Alto Weekly
4251,4251,Jeannette Catsoulis,False,Las Vegas Mercury
4252,4252,Jeannette Catsoulis,True,New York Times
4281,4281,Jeff Otto,False,IGN Movies
4283,4283,Jeff Otto,False,ReelzChannel.com
4284,4284,Jeff Otto,False,cinemaobsession.com
4292,4292,Jeff Shannon,True,Seattle Times
4293,4293,Jeff Simon,False,Buffalo News
4295,4295,Jeff Strickler,True,Minneapolis Star Tribune
4298,4298,Jeff Vice,False,Deseret News (Salt Lake City)
4303,4303,Jeffrey Bruner,False,Des Moines Register
4304,4304,Jeffrey Chen,False,ReelTalk Movie Reviews
4305,4305,Jeffrey Chen,False,Window to the Movies
4308,4308,Jeffrey Gantz,False,Boston Phoenix
4313,4313,Jeffrey Lyles,False,Gazette (MD)
4316,4316,Jeffrey M. Anderson,False,Combustible Celluloid
4322,4322,Jeffrey M. Anderson,False,San Francisco Examiner
4323,4323,Jeffrey Overstreet,False,Christianity Today
4327,4327,Jeffrey Overstreet,False,Looking Closer
4333,4333,Jeffrey Westhoff,False,"Northwest Herald (Crystal Lake, IL)"
4367,4367,Jennie Kermode,False,Eye for Film
4369,4369,Jennie Punter,True,Globe and Mail
4396,4396,Jeremiah Kipp,False,Filmcritic.com
4397,4397,Jeremiah Kipp,False,Flipside Movie Emporium
4398,4398,Jeremiah Kipp,False,Matinee Magazine
4399,4399,Jeremiah Kipp,False,Slant Magazine
4400,4400,Jeremiah Kipp,False,ToxicUniverse.com
4402,4402,Jeremy Aspinall,False,Radio Times
4412,4412,Jeremy Heilman,False,MovieMartyr.com
4414,4414,Jeremy Knox,False,Film Threat
4416,4416,Jeremy Mathews,False,Film Threat
4434,4434,Jesse Hassenger,False,Filmcritic.com
4460,4460,Jessica Letkemann,False,Premiere Magazine
4468,4468,Jessica Reaves,True,Chicago Tribune
4480,4480,Jette Kernion,False,Cinematical
4495,4495,Jim Chastain,False,Norman Transcript
4498,4498,Jim Emerson,True,Chicago Sun-Times
4499,4499,Jim Emerson,True,RogerEbert.com
4502,4502,Jim Hall,False,Film4
4506,4506,Jim Hemphill,False,Reel.com
4507,4507,Jim Judy,False,Screen It!
4509,4509,Jim Lane,False,Sacramento News & Review
4517,4517,Jim Schembri,True,The Age (Australia)
4518,4518,Jim Shelby,False,Palo Alto Weekly
4519,4519,Jim Slotek,False,Jam! Movies
4530,4530,Jimmy O,False,Film Snobs
4544,4544,JoBlo,False,JoBlo's Movie Network
4559,4559,Jocelyn Noveck,True,Associated Press
4565,4565,Joe Baltake,False,Sacramento Bee
4584,4584,Joe Leydon,False,San Francisco Examiner
4585,4585,Joe Leydon,False,The Moving Picture Show
4598,4598,Joe Lozito,False,Big Picture Big Sound
4603,4603,Joe McGovern,True,Entertainment Weekly
4614,4614,Joe Utichi,False,FilmFocus
4617,4617,Joe Williams,True,St. Louis Post-Dispatch
4624,4624,Joel Meares,False,Filmcritic.com
4627,4627,Joel Selvin,True,San Francisco Chronicle
4628,4628,Joel Siegel,False,Good Morning America
4642,4642,Joey O'Bryan,False,Austin Chronicle
4647,4647,John A. Nesbit,False,Old School Reviews
4648,4648,John A. Nesbit,False,ToxicUniverse.com
4653,4653,John Anderson,True,Newsday
4658,4658,John Beifuss,False,"Commercial Appeal (Memphis, TN)"
4676,4676,John Esther,False,Pasadena Weekly
4679,4679,John Ferguson,False,Radio Times
4687,4687,John Hartl,True,Seattle Times
4694,4694,John J. Puccio,False,Movie Metropolis
4703,4703,John McMurtrie,True,San Francisco Chronicle
4708,4708,John Monaghan,True,Detroit Free Press
4725,4725,John P. McCarthy,False,Boxoffice Magazine
4731,4731,John Petrakis,True,Chicago Tribune
4734,4734,John R. McEwen,False,Film Quips Online
4750,4750,John Thomason,False,Orlando Weekly
4753,4753,John Urbancich,False,Your Movies (cleveland.com)
4754,4754,John Venable,False,Supercala.com
4759,4759,John Wirt,False,"Advocate (Baton Rouge, LA)"
4760,4760,John Wooley,False,Tulsa World
4765,4765,Johnny Butane,False,Dread Central
4769,4769,Johnny Vaughan,False,The Sun (UK)
4790,4790,Jon Fortgang,False,Film4
4792,4792,Jon Lap,False,Apollo Guide
4798,4798,Jon Niccum,False,Lawrence Journal-World
4800,4800,Jon Popick,False,Planet S Magazine
4815,4815,Jonathan Crocker,False,Total Film
4821,4821,Jonathan Curiel,True,San Francisco Chronicle
4823,4823,Jonathan Dean,False,Total Film
4829,4829,Jonathan Foreman,True,New York Post
4834,4834,Jonathan Kiefer,False,Sacramento News & Review
4843,4843,Jonathan Perry,True,Boston Globe
4846,4846,Jonathan R. Perry,False,Tyler Morning Telegraph (Texas)
4855,4855,Jonathan Rosenbaum,True,Chicago Reader
4862,4862,Jonathan Trout,True,BBC.com
4864,4864,Jonathan W. Hickman,False,Entertainment Insiders
4887,4887,Jordan Hiller,False,Bangitout.com
4904,4904,Jordan Reed,False,Boxoffice Magazine
4922,4922,Jorge Avila Andrade,False,Moviola
4959,4959,Joseph Proimakis,False,Movies for the Masses
4970,4970,Josh Bell,False,Las Vegas Weekly
4983,4983,Josh Gilchrist,False,rec.arts.movies.reviews
4987,4987,Josh Hurst,False,Christianity Today
4991,4991,Josh Larsen,False,LarsenOnFilm
4992,4992,Josh Larsen,False,"Sun Publications (Chicago, IL)"
4997,4997,Josh Ralske,False,All Movie Guide
5001,5001,Josh Rosenblatt,False,Austin Chronicle
5028,5028,Joshua Rothkopf,True,Time Out
5030,5030,Joshua Starnes,False,ComingSoon.net
5032,5032,Joshua Tanzer,False,Offoffoff
5034,5034,Joshua Tyler,False,CinemaBlend
5036,5036,Joshua Tyler,False,Filmcritic.com
5038,5038,Joshua Vasquez,False,Slant Magazine
5079,5079,Judith Egerton,False,"Courier-Journal (Louisville, KY)"
5088,5088,Jules Brenner,False,Cinema Signals
5089,5089,Jules Brenner,False,Filmcritic.com
5108,5108,Julian Roman,False,MovieWeb
5127,5127,Jurgen Fauth,False,About.com
5140,5140,Justin Hartung,False,Citysearch
5149,5149,KJ Doughton,False,Film Threat
5151,5151,KJB,False,IGN Movies
5167,5167,Kam Williams,False,AALBC.com
5176,5176,Kam Williams,False,BlackFilm.com
5179,5179,Kam Williams,False,DallasBlack.com
5181,5181,Kam Williams,False,EURWeb
5192,5192,Kam Williams,False,NewsBlaze
5194,5194,Kam Williams,False,Princeton Town Topics
5198,5198,Kam Williams,False,Sly Fox
5202,5202,Kam Williams,False,Upstage Magazine
5208,5208,Kamal  'The Diva' Larsuel,False,3BlackChicks Review
5209,5209,Kamal Al-Solaylee,True,Globe and Mail
5228,5228,Karen Karbo,False,Oregonian
5245,5245,Karina Montgomery,False,Cinerina
5246,5246,Karina Montgomery,False,rec.arts.movies.reviews
5255,5255,Kat Brown,False,Empire Magazine
5279,5279,Kate Muir,True,Times (UK)
5288,5288,Kate Taylor,True,Globe and Mail
5321,5321,Kathleen Maher,False,Austin Chronicle
5332,5332,Kathy Cano Murillo,True,Arizona Republic
5373,5373,Katrina Onstad,False,National Post
5390,5390,Keith Breese,False,Filmcritic.com
5394,5394,Keith H. Brown,False,Eye for Film
5398,5398,Keith Phipps,True,AV Club
5408,5408,Keith Uhlich,False,Slant Magazine
5428,5428,Kelly Borgeson,False,Premiere Magazine
5444,5444,Ken Fox,False,TV Guide
5446,5446,Ken Hanke,False,"Mountain Xpress (Asheville, NC)"
5464,5464,Kenneth Turan,True,Los Angeles Times
5468,5468,Kent Turner,False,Film-Forward.com
5477,5477,Kerry Lengel,True,Arizona Republic
5479,5479,Kevin A. Ranson,False,MovieCrypt.com
5486,5486,Kevin Carr,False,7M Pictures
5487,5487,Kevin Carr,False,Fat Guys at the Movies
5488,5488,Kevin Carr,False,Film School Rejects
5490,5490,Kevin Courrier,False,Boxoffice Magazine
5491,5491,Kevin Courrier,True,Globe and Mail
5493,5493,Kevin Crust,True,Los Angeles Times
5495,5495,Kevin Fiddler,False,"Henderson Home News (Henderson, NV)"
5498,5498,Kevin Harley,False,Total Film
5514,5514,Kevin Maher,True,Times (UK)
5515,5515,Kevin Maynard,True,Mr. Showbiz
5525,5525,Kevin N. Laforest,False,Montreal Film Journal
5529,5529,Kevin Thomas,True,Los Angeles Times
5532,5532,Kevin Williamson,False,Jam! Movies
5555,5555,Kim Linekin,False,eye WEEKLY
5556,5556,Kim Morgan,False,Oregonian
5557,5557,Kim Morgan,False,Reel.com
5558,5558,Kim Newman,False,Empire Magazine
5561,5561,Kim Voynar,False,Cinematical
5564,5564,Kim Williamson,False,Boxoffice Magazine
5568,5568,Kimberley Jones,False,Austin Chronicle
5589,5589,Kit Bowen,False,Hollywood.com
5640,5640,Kurt Dahlke,False,Apollo Guide
5642,5642,Kurt Loder,False,MTV
5661,5661,Kyle Smith,True,New York Post
5678,5678,Laine Ewen,False,Premiere Magazine
5681,5681,Lance Goldenberg,False,"Weekly Planet (Tampa, FL)"
5695,5695,Larry Carroll,False,Countingdown.com
5696,5696,Larry Carroll,False,FilmStew.com
5701,5701,Larry Ratliff,False,San Antonio Express-News
5714,5714,Laura Bushell,True,BBC.com
5716,5716,Laura Clifford,False,Reeling Reviews
5717,5717,Laura Clifford,False,rec.arts.movies.reviews
5732,5732,Laura Kelly,False,South Florida Sun-Sentinel
5733,5733,Laura Kern,True,New York Times
5776,5776,Lawrence Toppman,False,Charlotte Observer
5777,5777,Lawrence Van Gelder,True,New York Times
5786,5786,Leah McLaren,True,Globe and Mail
5790,5790,Leba Hertz,True,San Francisco Chronicle
5800,5800,Leigh Johnson,False,Hollywood.com
5807,5807,Leigh Singer,False,Film4
5825,5825,Leonard Schwarz,False,Palo Alto Weekly
5859,5859,Lexi Feinberg,False,CinemaBlend
5866,5866,Liam Lacey,True,Globe and Mail
5887,5887,Linda Barnard,True,Toronto Star
5888,5888,Linda Cook,False,KWQC-TV (Iowa)
5890,5890,Linda Cook,False,"Quad City Times (Davenport, IA)"
5912,5912,Lisa Ann Cockrel,False,Christianity Today
5923,5923,Lisa Kennedy,True,Denver Post
5930,5930,Lisa Rose,True,Newark Star-Ledger
5932,5932,Lisa Schwarzbaum,True,Entertainment Weekly
5939,5939,Liz Beardsworth,False,Empire Magazine
5940,5940,Liz Braun,False,Jam! Movies
5956,5956,Loey Lockerby,False,Kansas City Star
5961,5961,Loren King,True,Boston Globe
5962,5962,Loren King,True,Chicago Tribune
5965,5965,Lori Hoffman,False,Atlantic City Weekly
5977,5977,Lou Lumenick,True,New York Post
5980,5980,Louis B. Hobson,False,Jam! Movies
5983,5983,Louis Black,False,Austin Chronicle
5985,5985,Louis-Jérôme Cloutier,False,Panorama
5995,5995,Luanne Brown,False,Chico Enterprise-Record
6021,6021,Luis Martinez,False,Cinenganos
6055,6055,Luke Y. Thompson,False,E! Online
6059,6059,Luke Y. Thompson,False,New Times
6080,6080,M. K. Terrell,False,Christian Science Monitor
6081,6081,M.E. Russell,False,Oregonian
6086,6086,Mac Verstandig,False,Moviereviews.org
6088,6088,Mac Verstandig,False,The Badger Herald
6090,6090,Mack Bates,False,Milwaukee Journal Sentinel
6094,6094,Madeleine Williams,False,Cinematter
6112,6112,Maitland McDonagh,False,TV Guide
6116,6116,Malcolm Johnson,False,Hartford Courant
6128,6128,Manohla Dargis,True,Los Angeles Times
6129,6129,Manohla Dargis,True,New York Times
6155,6155,Marc Mohan,False,Oregonian
6158,6158,Marc Savlov,False,Austin Chronicle
6176,6176,Marcy Dermansky,False,About.com
6179,6179,Margaret A. McGurk,False,Cincinnati Enquirer
6200,6200,Marie Asner,False,Phantom Tollbooth
6212,6212,Mario Tarradell,True,Dallas Morning News
6220,6220,Marjorie Baumgarten,False,Austin Chronicle
6228,6228,Mark Adams,False,Sunday Mirror (UK)
6232,6232,Mark Athitakis,False,Filmcritic.com
6235,6235,Mark Bell,False,Film Threat
6241,6241,Mark Caro,True,Chicago Tribune
6244,6244,Mark Collette,False,Tyler Morning Telegraph (Texas)
6252,6252,Mark Dinning,False,Empire Magazine
6253,6253,Mark Dujsik,False,Mark Reviews Movies
6260,6260,Mark Feeney,True,Boston Globe
6264,6264,Mark Halverson,False,Sacramento News & Review
6268,6268,Mark Holcomb,True,Time Out
6274,6274,Mark Jenkins,True,Washington Post
6278,6278,Mark Keizer,False,Boxoffice Magazine
6300,6300,Mark Olsen,True,Los Angeles Times
6306,6306,Mark Pfeiffer,False,Reel Times: Reflections on Cinema
6311,6311,Mark R. Leeper,False,Mark Leeper's Reviews
6312,6312,Mark R. Leeper,False,rec.arts.movies.reviews
6314,6314,Mark Rahner,True,Seattle Times
6315,6315,Mark Ramsey,False,MovieJuice!
6318,6318,Mark Robison,False,Reno Gazette-Journal
6328,6328,Mark Sells,False,CineScene.com
6329,6329,Mark Sells,False,Film Threat
6330,6330,Mark Sells,False,Oregon Herald
6343,6343,Marrit Ingman,False,Austin Chronicle
6346,6346,Marshall Fine,False,"Journal News (Westchester, NY)"
6355,6355,Marta Barber,True,Miami Herald
6373,6373,Marty Mapes,False,Movie Habit
6383,6383,Mary Brennan,True,Seattle Times
6390,6390,Mary F. Pols,False,Contra Costa Times
6394,6394,Mary Houlihan,True,Chicago Sun-Times
6395,6395,Mary Kalin-Casey,False,Reel.com
6397,6397,Mary Lasse,False,Christianity Today
6404,6404,Mary-Liz Shaw,False,Milwaukee Journal Sentinel
6406,6406,MaryAnn Johanson,False,Flick Filosopher
6431,6431,Matt Brunson,False,Creative Loafing
6447,6447,Matt Easterbrook,False,Matt's Movie Reviews
6451,6451,Matt Glasby,False,Film4
6472,6472,Matt Langdon,False,Filmcritic.com
6478,6478,Matt McAllister,False,Future Movies UK
6479,6479,Matt McKillop,False,Filmcritic.com
6485,6485,Matt Mueller,False,Total Film
6494,6494,Matt Pais,False,Metromix.com
6527,6527,Matt Soergel,False,Florida Times-Union
6530,6530,Matt Stevens,False,E! Online
6532,6532,Matt Weitz,True,Dallas Morning News
6538,6538,Matt Zoller Seitz,True,New York Times
6548,6548,Matthew De Abaitua,False,Film4
6565,6565,Matthew Leyland,False,Total Film
6566,6566,Matthew Leyland,True,BBC.com
6599,6599,Matthew Sorrento,False,Film Threat
6613,6613,Matthew Turner,False,ViewLondon
6627,6627,Max Messier,False,Filmcritic.com
6646,6646,Meg Jones,False,Milwaukee Journal Sentinel
6651,6651,Megan Lehmann,True,New York Post
6657,6657,Megan Turner,True,New York Post
6671,6671,Melanie McFarland,True,Seattle Times
6673,6673,Melinda Ennis,True,Atlanta Journal-Constitution
6677,6677,Melissa Anderson,True,Time Out
6701,6701,Merle Bertrand,False,Film Threat
6712,6712,Michael A. Smith,False,Nolan's Pop Culture Review
6722,6722,Michael Atkinson,True,Mr. Showbiz
6726,6726,Michael Black,False,ReviewExpress.com
6729,6729,Michael Booth,True,Denver Post
6730,6730,Michael Brody,False,CinemaBlend
6735,6735,Michael Clawson,False,West Valley View
6737,6737,Michael D. Reid,False,"Victoria Times Colonist (B.C., Canada)"
6741,6741,Michael Dequina,False,Film Threat
6743,6743,Michael Dequina,False,TheMovieReport.com
6748,6748,Michael E. Grost,False,Classic Film and Television
6750,6750,Michael Esposito,True,Chicago Tribune
6753,6753,Michael Ferraro,False,Film Threat
6796,6796,Michael O'Sullivan,True,Washington Post
6800,6800,Michael Ordoña,True,Los Angeles Times
6809,6809,Michael Phillips,False,Citysearch
6811,6811,Michael Phillips,True,Chicago Tribune
6830,6830,Michael Sragow,False,Baltimore Sun
6835,6835,Michael Szymanski,False,Hollywood.com
6837,6837,Michael Szymanski,False,Sci-Fi Weekly
6839,6839,Michael Szymanski,False,Zap2it.com
6841,6841,Michael Thomson,True,BBC.com
6843,6843,Michael Tunison,False,Boxoffice Magazine
6845,6845,"Michael W. Phillips, Jr.",False,Goatdog's Movies
6852,6852,Michael Wilmington,True,Chicago Tribune
6860,6860,Michele Kenner,False,Milwaukee Journal Sentinel
6862,6862,Michelle Alexandria,False,Eclipse Magazine
6878,6878,Michelle Thomas,False,Future Movies UK
6883,6883,Mick LaSalle,True,San Francisco Chronicle
6901,6901,Mike Barnard,False,Future Movies UK
6906,6906,Mike Clark,True,USA Today
6911,6911,Mike D'Angelo,True,Time Out
6913,6913,Mike DeWolfe,False,Apollo Guide
6936,6936,Mike McGranaghan,False,Aisle Seat
6946,6946,Mike Russell,False,Oregonian
6948,6948,Mike Sage,False,Peterborough This Week
6982,6982,Miriam Di Nunzio,True,Chicago Sun-Times
6985,6985,Misha Berson,True,Seattle Times
6996,6996,Moira MacDonald,True,Seattle Times
6998,6998,Moira Sullivan,False,FilmFestivals.com
6999,6999,Moira Sullivan,False,Movie Magazine International
7023,7023,Mordaunt Hall,True,New York Times
7045,7045,Nancy Churnin,True,Dallas Morning News
7067,7067,Natasha Vargas-Cooper,False,E! Online
7081,7081,Nathan Lee,True,New York Times
7085,7085,Nathan Rabin,True,AV Club
7101,7101,Nathaniel Rogers,False,The Film Experience
7105,7105,Ned Martel,True,New York Times
7113,7113,Neil Genzlinger,True,New York Times
7117,7117,Neil Miller,False,Film School Rejects
7126,7126,Neil Smith,False,Film4
7130,7130,Neil Smith,False,Total Film
7133,7133,Neil Smith,False,thelondonpaper
7134,7134,Neil Smith,True,BBC.com
7142,7142,Nell Minow,False,Beliefnet
7146,7146,Nell Minow,False,Movie Mom
7154,7154,Nev Pierce,True,BBC.com
7155,7155,Neva Chonin,True,San Francisco Chronicle
7185,7185,Nick Carter,False,Milwaukee Journal Sentinel
7188,7188,Nick Curtis,True,London Evening Standard
7189,7189,Nick Davis,False,Nick's Flick Picks
7191,7191,Nick De Semlyen,False,Empire Magazine
7205,7205,Nick Hilditch,True,BBC.com
7229,7229,Nick Rogers,False,Midwest Film Journal
7230,7230,Nick Rogers,False,"State Journal-Register (Springfield, IL)"
7232,7232,Nick Rogers,False,The Film Yap
7237,7237,Nick Schager,False,Filmcritic.com
7238,7238,Nick Schager,False,Lessons of Darkness
7242,7242,Nick Schager,False,Slant Magazine
7262,7262,Nicolas Lacroix,False,EnPrimeur.ca
7263,7263,Nicolas Lacroix,False,Showbizz.net
7287,7287,Nigel Floyd,True,Time Out
7324,7324,Noel Murray,True,AV Club
7334,7334,Norm Schrager,False,Filmcritic.com
7379,7379,Olly Richards,False,Empire Magazine
7403,7403,Owen Gleiberman,True,Entertainment Weekly
7408,7408,Oz,False,Hollywood Bitchslap
7409,7409,Oz,False,eFilmCritic.com
7418,7418,Pablo Villaça,False,Cinema em Cena
7430,7430,Pam Grady,False,Reel.com
7482,7482,Patrick Peters,False,Empire Magazine
7494,7494,Paul Arendt,True,BBC.com
7503,7503,Paul Byrnes,True,Sydney Morning Herald
7508,7508,Paul Clinton (Boxoffice),False,Boxoffice Magazine
7512,7512,Paul Doro,False,Milwaukee Journal Sentinel
7522,7522,Paul Greenwood,False,Future Movies UK
7539,7539,Paul Povse,False,"State Journal-Register (Springfield, IL)"
7544,7544,Paul Salfen,False,Supercala.com
7546,7546,Paul Schrodt,False,Slant Magazine
7548,7548,Paul Sherman,False,Boston Herald
7562,7562,Paula Nechak,False,Seattle Post-Intelligencer
7585,7585,Pete Croatto,False,Filmcritic.com
7590,7590,Pete Hammond,False,Maxim
7592,7592,Pete Vonder Haar,False,Film Threat
7600,7600,Peter Bernard,False,South Florida Sun-Sentinel
7603,7603,Peter Bradshaw,True,Guardian
7605,7605,Peter Calder,False,New Zealand Herald
7607,7607,Peter Canavese,False,Groucho Reviews
7612,7612,Peter Debruge,False,Premiere Magazine
7613,7613,Peter Debruge,True,Miami Herald
7628,7628,Peter Hartlaub,True,San Francisco Chronicle
7629,7629,Peter Howell,True,Toronto Star
7630,7630,Peter Keough,False,Boston Phoenix
7638,7638,Peter Rainer,True,Christian Science Monitor
7644,7644,Peter Sobczynski,False,Critic Doctor
7646,7646,Peter Sobczynski,False,eFilmCritic.com
7649,7649,Peter Stack,True,San Francisco Chronicle
7652,7652,Peter T. Chattaway,False,Christianity Today
7653,7653,Peter Travers,True,Rolling Stone
7659,7659,Phelim O'Neill,True,Guardian
7669,7669,Phil Hall,False,EDGE Boston
7672,7672,Phil Hall,False,Film Threat
7682,7682,Phil Villarreal,False,Arizona Daily Star
7700,7700,Philip Kemp,False,Total Film
7703,7703,Philip Martin,False,Arkansas Democrat-Gazette
7706,7706,Philip Wuntch,True,Dallas Morning News
7709,7709,Philippa Hawker,True,The Age (Australia)
7717,7717,Phoebe Flowers,False,South Florida Sun-Sentinel
7726,7726,Piet Levy,False,Milwaukee Journal Sentinel
7765,7765,Raam Tarat,False,Future Movies UK
7775,7775,Rachel Gordon,False,Filmcritic.com
7786,7786,Rachel Saltz,True,New York Times
7815,7815,Rafe Telsch,False,CinemaBlend
7816,7816,Rafer Guzman,True,Newsday
7833,7833,Randy Cordova,True,Arizona Republic
7836,7836,Randy Myers,False,Contra Costa Times
7837,7837,Randy Myers,True,San Jose Mercury News
7839,7839,Randy Shulman,False,"Metro Weekly (Washington, DC)"
7849,7849,Ray Conlogue,True,Globe and Mail
7850,7850,Ray Greene,False,Boxoffice Magazine
7873,7873,Rebecca Murray,False,About.com
7894,7894,Rene Rodriguez,True,Miami Herald
7896,7896,Renee Graham,True,Boston Globe
7902,7902,Rex Reed,True,Observer
7911,7911,Ricardo Baca,True,Denver Post
7914,7914,Rich Cline,False,Film Threat
7917,7917,Rich Cline,False,Shadows on the Wall
7922,7922,Rich Phippen,False,Sky Cinema
7952,7952,Richard Luck,False,Film4
7956,7956,Richard Mowe,False,Boxoffice Magazine
7957,7957,Richard Nilsen,True,Arizona Republic
7960,7960,Richard Roeper,True,Chicago Sun-Times
7962,7962,Richard Roeper,True,Richard Roeper.com
7963,7963,Richard Schickel,True,TIME Magazine
7967,7967,Richard von Busack,False,MetroActive
7970,7970,Rick Bentley,False,Fresno Bee
7973,7973,Rick Groen,True,Globe and Mail
7975,7975,Rick Kisonak,False,Film Threat
7991,7991,Rita Kempley,True,Washington Post
7998,7998,Rob Blackwelder,False,SPLICEDWire
8010,8010,Rob Gonsalves,False,eFilmCritic.com
8014,8014,Rob Humanick,False,Slant Magazine
8032,8032,Rob Salem,True,Toronto Star
8034,8034,Rob Thomas,False,"Capital Times (Madison, WI)"
8039,8039,Rob Vaux,False,Flipside Movie Emporium
8048,8048,Robert Abele,True,Los Angeles Times
8065,8065,Robert Denerstein,True,Denver Rocky Mountain News
8066,8066,Robert Dominguez,True,New York Daily News
8069,8069,Robert Faires,False,Austin Chronicle
8073,8073,Robert Hanks,True,Independent (UK)
8080,8080,Robert K. Elder,True,Chicago Tribune
8097,8097,Robert Newton,False,Christian Science Monitor
8100,8100,Robert Payne,False,Reel.com
8103,8103,Robert Roten,False,Laramie Movie Scope
8108,8108,Robert Strohmeyer,False,Filmcritic.com
8113,8113,Robert W. Butler,False,Kansas City Star
8122,8122,Robin Clifford,False,Reeling Reviews
8133,8133,Rod Armstrong,False,Reel.com
8148,8148,Roger Ebert,True,Chicago Sun-Times
8152,8152,Roger Greenspun,True,New York Times
8156,8156,Roger Moore,False,Tribune News Service
8159,8159,Roger Moore,True,Orlando Sentinel
8162,8162,Roger Tennis,False,Cinemaclips.com
8179,8179,Ron Wells,False,Film Threat
8181,8181,Ron Wilkinson,False,Monsters and Critics
8184,8184,Rory L. Aronsky,False,Film Threat
8185,8185,Rory L. Aronsky,False,Screen It!
8210,8210,Ross Anthony,False,Hollywood Report Card
8214,8214,Ross Brooks,False,Citysearch
8251,8251,Russ Breimeier,False,Christianity Today
8258,8258,Russell Baillie,False,New Zealand Herald
8265,8265,Russell Smith,False,Austin Chronicle
8274,8274,Ruthe Stein,True,San Francisco Chronicle
8279,8279,Ryan Cracknell,False,Apollo Guide
8327,8327,Sam Adams,True,Los Angeles Times
8359,8359,Sam Toy,False,Empire Magazine
8390,8390,Sandra Contreras,False,TV Guide
8391,8391,Sandra Hall,True,Sydney Morning Herald
8401,8401,Sara Brady,False,Premiere Magazine
8424,8424,Sara Michelle Fetters,False,MovieFreak.com
8441,8441,Sarah Chauncey,False,Reel.com
8492,8492,Saxon Bullock,False,Film4
8500,8500,Scott A. Mantz,False,Scott Mantz' Movie Reviews
8501,8501,Scott Andrews,False,FilmFocus
8506,8506,Scott Bowles,True,USA Today
8507,8507,Scott Brown,True,Entertainment Weekly
8508,8508,Scott Chitwood,False,ComingSoon.net
8510,8510,Scott Collura,False,IGN Movies
8512,8512,Scott Craven,True,Arizona Republic
8522,8522,Scott Gwin,False,CinemaBlend
8543,8543,Scott Nash,False,Three Movie Buffs
8546,8546,Scott Renshaw,False,Salt Lake City Weekly
8547,8547,Scott Renshaw,False,Scott Renshaw's Screening Room
8548,8548,Scott Renshaw,False,rec.arts.movies.reviews
8557,8557,Scott Tobias,True,AV Club
8560,8560,Scott Von Doviak,False,culturevulture.net
8564,8564,Scott Weinberg,False,Apollo Guide
8566,8566,Scott Weinberg,False,Cinematical
8568,8568,Scott Weinberg,False,DVD Clinic
8569,8569,Scott Weinberg,False,DVDTalk.com
8570,8570,Scott Weinberg,False,FEARnet
8580,8580,Scott Weinberg,False,eFilmCritic.com
8589,8589,Sean Axmaker,False,Seattle Post-Intelligencer
8610,8610,Sean McBride,False,Sean the Movie Guy
8614,8614,Sean O'Connell,False,Charlotte Weekly
8616,8616,Sean O'Connell,False,Eclipse Magazine
8618,8618,Sean O'Connell,False,Filmcritic.com
8619,8619,Sean O'Connell,False,Flipside Movie Emporium
8627,8627,Sean P. Means,False,Salt Lake Tribune
8647,8647,Serena Donadoni,False,"Metro Times (Detroit, MI)"
8669,8669,Shannon J. Harvey,False,Sunday Times (Australia)
8698,8698,Shawn Bowers,False,Kansas City Star
8702,8702,Shawn Levy,False,Oregonian
8706,8706,Shay Casey,False,Conceited Critic
8707,8707,Shay Casey,False,Daily-Reviews
8710,8710,Shay Casey,False,Jacksonville Film Journal
8711,8711,Shay Casey,False,rec.arts.movies.reviews
8729,8729,Sheri Linden,False,Boxoffice Magazine
8739,8739,Shirley Klass,False,Fantastica Daily
8741,8741,Shlomo Schwartzberg,False,Boxoffice Magazine
8747,8747,Sid Smith,True,Chicago Tribune
8762,8762,Simon Braund,False,Empire Magazine
8766,8766,Simon Crook,False,Empire Magazine
8777,8777,Simon Houpt,True,Globe and Mail
8809,8809,Sky Staff,False,Sky Cinema
8811,8811,Sloan Freer,False,Radio Times
8852,8852,Spence D.,False,IGN Movies
8860,8860,Spyder Darling,False,NY Rock
8869,8869,Staci Layne Wilson,False,Fantastica Daily
8873,8873,Stacie Hougland,False,Hollywood.com
8876,8876,Stanley A. Miller II,False,Milwaukee Journal Sentinel
8877,8877,Stax,False,IGN Movies
8878,8878,Stefan Birgir Stefansson,False,sbs.is
8892,8892,Stella Papamichael,True,BBC.com
8922,8922,Stephen Cole,True,Globe and Mail
8932,8932,Stephen Garrett,True,Time Out
8934,8934,Stephen Himes,False,Film Snobs
8935,8935,Stephen Himes,False,Flak Magazine
8936,8936,Stephen Holden,True,New York Times
8937,8937,Stephen Humphries,False,Christian Science Monitor
8938,8938,Stephen Hunter,False,Baltimore Sun
8939,8939,Stephen Hunter,True,Washington Post
8956,8956,Stephen Schaefer,False,Boston Herald
8975,8975,Stephen Whitty,True,Newark Star-Ledger
8977,8977,Stephen Williams,True,Newsday
8980,8980,"Steve ""Uncle Creepy"" Barton",False,Dread Central
8986,8986,Steve Crum,False,Dispatch-Tribune Newspapers
8987,8987,Steve Crum,False,Kansas City Kansan
8988,8988,Steve Crum,False,Video-Reviewmaster.com
8990,8990,Steve Davis,False,Austin Chronicle
9005,9005,Steve Murray,True,Atlanta Journal-Constitution
9007,9007,Steve Newton,False,Georgia Straight
9013,9013,Steve Persall,False,Tampa Bay Times
9015,9015,Steve Ramos,False,Milwaukee Journal Sentinel
9016,9016,Steve Rhodes,False,Internet Reviews
9018,9018,Steve Rose,True,Guardian
9021,9021,Steve Schneider,False,Orlando Weekly
9023,9023,Steve Simels,False,TV Guide
9026,9026,Steve Tilley,False,Jam! Movies
9039,9039,Steven D. Greydanus,False,Decent Films Guide
9049,9049,Steven Rea,True,Philadelphia Inquirer
9051,9051,Steven Rosen,True,Denver Post
9056,9056,Steven Snyder,False,Zertinet Movies
9060,9060,Steven Winn,True,San Francisco Chronicle
9064,9064,Stina Chyn,False,Film Threat
9073,9073,Stuart McGurk,False,thelondonpaper
9082,9082,Sue Pierman,False,Milwaukee Journal Sentinel
9084,9084,Sukhdev Sandhu,True,Daily Telegraph (UK)
9092,9092,Susan Granger,False,Modamag.com
9094,9094,Susan Granger,False,rec.arts.movies.reviews
9095,9095,Susan Granger,False,www.susangranger.com
9096,9096,Susan Green,False,Boxoffice Magazine
9103,9103,Susan Stark,True,Detroit News
9104,9104,Susan Tavernetti,False,Palo Alto Weekly
9105,9105,Susan Walker,True,Toronto Star
9109,9109,Susan Wloszczyna,True,USA Today
9132,9132,TV Guide Staff,False,TV Guide
9163,9163,Tasha Robinson,True,AV Club
9173,9173,Ted Fry,True,Seattle Times
9174,9174,Ted Murphy,False,Baseline.Hollywood.com
9176,9176,Ted Murphy,False,Murphy's Movie Reviews
9177,9177,Ted Prigge,False,Deconstructing Edward
9178,9178,Ted Prigge,False,rec.arts.movies.reviews
9186,9186,Teresa Budasi,True,Chicago Sun-Times
9192,9192,Terri Clark,False,Apollo Guide
9196,9196,Terry Lawson,True,Detroit Free Press
9233,9233,Thomas Caldwell,False,Cinema Autopsy
9234,9234,Thomas Delapa,False,Boulder Weekly
9253,9253,Tim Appelo,False,Seattle Weekly
9262,9262,Tim Cogshell,False,Boxoffice Magazine
9271,9271,Tim Dirks,False,AMC Filmsite
9290,9290,Tim Merrill,False,Film Threat
9296,9296,Tim Robey,True,Daily Telegraph (UK)
9305,9305,Timothy Knight,False,Reel.com
9321,9321,Tirdad Derakhshani,True,Philadelphia Inquirer
9330,9330,Todd Anthony,False,South Florida Sun-Sentinel
9336,9336,Todd Gilchrist,False,IGN Movies
9345,9345,Todd Hertz,False,Christianity Today
9348,9348,Toddy Burton,False,Austin Chronicle
9358,9358,Tom Block,False,culturevulture.net
9364,9364,Tom Charity,False,Total Film
9378,9378,Tom Dawson,False,Total Film
9379,9379,Tom Dawson,True,BBC.com
9388,9388,Tom Grealis,False,RTÉ (Ireland)
9396,9396,Tom Horgen,True,Minneapolis Star Tribune
9400,9400,Tom Huddleston,True,Time Out
9401,9401,Tom Huddlestone,True,Time Out
9404,9404,Tom Hutchinson,False,Radio Times
9407,9407,Tom Keogh,True,Seattle Times
9410,9410,Tom Long,True,Detroit News
9412,9412,Tom Maurstad,True,Dallas Morning News
9414,9414,Tom Meek,False,Boston Phoenix
9416,9416,Tom Meek,False,Film Threat
9424,9424,Tom Russo,True,Boston Globe
9468,9468,Tony Horkins,False,Total Film
9477,9477,Tony Medley,False,Tolucan Times
9478,9478,Tony Medley,False,tonymedley.com
9484,9484,Tony Toscano,False,Talking Pictures (U.S.)
9488,9488,Tor Thorsen,False,Reel.com
9501,9501,Tracy Allerton,False,South Florida Sun-Sentinel
9518,9518,Trevor Johnston,True,Time Out
9531,9531,Ty Burr,True,Boston Globe
9533,9533,Ty Burr,True,Entertainment Weekly
9541,9541,Tyler Hanley,False,Palo Alto Weekly
9552,9552,Uri Lessing,False,eFilmCritic.com
9553,9553,Uri Lessing,False,www.kcactive.com
9557,9557,V.A. Musetto,True,New York Post
9586,9586,Vanessa Sibbald,False,Zap2it.com
9597,9597,Vic Holtreman,False,Screen Rant
9606,9606,Victor Olliver,False,Teletext
9612,9612,Victoria Alexander,False,FilmsInReview.com
9624,9624,Vince Koehler,False,Entertainment Spectrum
9625,9625,Vincent Canby,True,New York Times
9647,9647,Wade Major,False,Boxoffice Magazine
9655,9655,Wally Hammond,True,Time Out
9656,9656,Walter Chaw,False,Film Freak Central
9658,9658,Walter Goodman,True,New York Times
9659,9659,Walter V. Addiego,False,San Francisco Examiner
9662,9662,Walter V. Addiego,True,San Francisco Chronicle
9674,9674,Wendy Ide,True,Times (UK)
9680,9680,Wesley Lovell,False,Apollo Guide
9681,9681,Wesley Lovell,False,Cinema Sight
9682,9682,Wesley Morris,False,San Francisco Examiner
9683,9683,Wesley Morris,True,Boston Globe
9685,9685,Wesley Morris,True,San Francisco Chronicle
9689,9689,Widgett Walls,False,Needcoffee.com
9698,9698,Will Harris,False,Bullz-Eye.com
9699,9699,Will Lawrence,False,Empire Magazine
9711,9711,William Arnold,False,Seattle Post-Intelligencer
9718,9718,William Gallagher,True,BBC.com
9726,9726,William Thomas,False,Empire Magazine
9731,9731,Willie Waffle,False,WaffleMovies.com
9738,9738,Wilson Morales,False,BlackFilm.com
9739,9739,Winda Benedetti,False,Seattle Post-Intelligencer
9747,9747,Xan Brooks,True,Guardian
9759,9759,Yazmin Ghonaim,False,Cinephiles
9787,9787,Zack Haddad,False,Film Threat
